,0,1,2,3,4,5,6,7,8,9,10,11,12,13,14,15,16,17,18,19,20,21,22,23,24,25,26,27,28,29,30,31,32,33,34,35,36,37,38,39,40,41,42,43,44,45,46,47,48,49,50,51,52,53,54,55,56,57,58,59,60,61,62,63,64,65,66,67,68,69,70,71,72,73,74,75,76,77,78,79,80,81,82,83,84,85,86,87,88,89,90,91,92,93,94,95,96,97,98,99,100,101,102,103,104,105,106,107,108,109,110,111,112,113,114,115,116,117,118,119,120,121,122,123,124,125,126,127,128
0,-0.0700332,3.7356036e-05,0.014317591,0.0020030148,-0.021098705,0.079540856,-0.061948646,0.0027857772,-0.05484578,-0.059493054,-0.0037054538,-0.07969032,-0.028860293,-0.035227366,0.078096226,0.032067526,-0.0063852035,-0.010435775,0.008180322,-0.07030316,0.027082985,-0.03102974,-0.07376209,-0.076596014,-0.015734265,-0.003889027,0.08493205,0.05269222,0.006697742,-0.03295981,-0.047261115,-0.07286928,0.024583466,-0.0029766667,-0.07785787,0.07934285,-0.06267747,-0.05120038,0.08487685,-0.052789673,-0.048718102,-0.08077094,-0.0074863057,-0.082552545,-0.06676719,0.071759656,-0.01933843,0.02931542,0.06872318,-0.09800467,-0.05830316,-0.08231594,-0.081948586,0.06961471,0.066395454,0.030892415,0.016884958,0.0690798,0.04693583,-0.060131215,-0.077854045,-0.057479486,0.0644692,-0.03350419,-0.06650719,0.060795642,-0.030530734,-0.017055219,-0.06918332,0.02427437,0.024297537,-0.006334001,-0.02012635,0.021856358,0.0025770552,-0.06518958,-0.01959767,0.0672027,0.050354593,-0.023926694,-0.046100546,0.025716467,0.022648765,0.060202107,-0.070949286,0.029537095,-0.011658489,-0.0125632305,0.040888935,-0.028905492,-0.060151566,0.034291215,-0.08417568,0.07114557,-0.0132179,0.08246206,0.03480529,0.02474218,0.04887631,-0.03645888,-0.067704946,-0.021427622,0.081819266,-0.074732356,0.03469463,-0.032806415,0.052810695,-0.023216035,-0.01111495,-0.0228735,0.035643205,0.016301358,0.05550996,0.08500236,0.005064255,-0.040816583,-0.023547258,0.065632015,-0.019214923,0.030133285,-0.020952586,-0.007095778,-0.041840207,-0.0530007,0.07555109,-0.03979239,0.041516334,0.024559481,0.010192018
1,0.050076813,-0.044184934,0.030407684,-0.03295006,-0.044500202,-0.036882304,-0.064513,0.016076336,0.036746226,-0.041277274,-0.019938672,0.09397692,-0.043783925,-0.08402248,0.047677547,0.0024107795,0.0025986123,-0.013381583,0.014261316,0.11392553,0.07710962,0.04354247,0.08494371,0.007748485,-0.010721493,0.06628954,0.075369395,0.07420049,-0.08626684,0.071535945,0.023572117,-0.010374041,-0.034291923,0.049830183,0.014875961,0.046198785,0.0050622737,0.024446812,0.011650004,0.044374123,0.036293726,0.024176465,0.03376675,-0.0121916775,0.055614553,-0.012639038,0.06823965,0.09009188,0.15775613,0.1045161,0.16936356,0.0782867,0.0034750528,-0.024793983,0.023534633,0.04592569,0.05796285,0.038216963,0.042757288,-0.038391516,-0.018894497,0.013349397,0.036941484,-0.014587129,0.07819503,-0.02925551,0.07813318,-0.07715444,0.09448794,-0.06268936,0.08991863,0.030240363,-0.085161515,0.06841825,-0.02456901,-0.027270906,-0.0489632,0.035861902,0.057106692,-0.06977905,0.01801222,0.07791181,0.027655186,-0.018822126,-0.07137993,0.07812486,0.08438769,0.05374231,-0.03008526,-0.08212816,-0.048059124,0.07546714,0.081997186,0.013417572,-0.038107302,-0.024255412,0.09737835,-0.029681154,0.041747883,-0.022616554,0.09210319,-0.06003313,-0.058764584,0.04694259,-0.09987623,0.02046243,-0.016822113,0.13568412,0.07982526,0.023633232,-0.06350142,-0.029316055,0.052475415,-0.027018974,-0.013938332,0.012622531,0.06394632,0.016898394,0.036760885,0.032511957,0.070567526,0.005088234,-0.024453707,-0.036516175,0.0031356695,-0.0017799158,0.06958638,0.00053619716,0.06912937
2,-0.02549976,-0.007759164,-0.033284303,-0.039155796,-0.09617406,0.08426613,0.051268134,0.0020099306,-0.038123984,-0.08150746,0.0008904259,-0.01841257,0.00510675,-0.0267327,0.052363165,-0.07319591,-0.0044553564,0.030323427,-0.031081574,0.039012983,0.115930244,-0.001938999,0.008150816,-0.022498138,-0.051911622,-0.038126796,-0.0060667386,0.07727984,0.036910288,-0.000288963,-0.097347446,-0.06726132,-0.033383578,0.018717919,0.014689528,0.065388635,-0.041814227,-0.0824451,0.0794745,-0.050982025,-0.036300182,-0.0082034515,-0.031075837,-0.057660017,0.038564287,-0.051963396,0.060258478,0.045954484,0.16086516,0.06245442,0.15548836,0.07341521,-0.03841161,-0.004679367,0.033067953,0.078060515,0.058426272,-0.056784697,-0.016938541,0.023358282,-0.029709348,-0.009694291,0.041215375,0.088572256,-0.05987276,0.019839978,0.07812722,0.0014163493,0.079481326,0.014140249,0.012652564,0.06803082,0.019086506,0.015894359,-0.027899098,-0.031895835,-0.018581528,-0.07265766,0.0017879212,0.018443173,0.045222804,-0.079062484,-0.037619308,-0.05766453,0.015271113,-0.053198528,-0.017508175,-0.07789162,0.08793585,-0.07255243,0.03336139,-0.004365584,-0.086664714,0.06421523,-0.042147182,0.014106993,0.039764557,-0.020074038,0.07451308,1.6782773e-05,-0.07296345,0.045427766,0.07827353,-0.013541378,-0.027994875,0.042350788,0.076134995,0.028144723,-0.06436791,-0.034363274,0.056240853,-0.06606497,-0.072101526,-0.087920696,0.01494066,-0.017474959,-0.06833434,-0.04389756,-0.058667894,0.068465486,-0.051904842,0.0009873653,-0.0046493527,-0.030595057,0.007121443,-0.052858546,-0.057407733,0.08005104,0.022625776
3,0.044266414,-0.025160601,0.025928967,-0.02323037,0.04976485,0.045033347,-0.017297681,0.013274823,0.061472658,-0.0305849,-0.08225088,-0.028806888,-0.013769782,0.07962704,-0.053129677,-0.06688541,0.04619617,-0.049478777,0.028546825,-0.0731821,0.074341424,-0.0023447156,-0.07496386,-0.027055865,0.06940791,-0.053796794,0.005527453,-0.041903373,-0.032259155,-0.032302193,0.050464384,-0.07606022,-0.0058976924,0.0837264,0.068494536,-0.0642333,-0.056189444,0.05670428,0.028404387,0.047472056,0.043420296,-0.069980785,-0.07559421,0.022010196,0.026408019,-0.04540734,0.07918516,0.0033714075,0.036103502,-0.08355233,-0.01999248,-0.06960092,-0.02323386,0.023851987,-0.031494007,0.05715349,-0.054194566,0.07212747,-0.07469628,0.049004596,-0.028416218,0.034862176,0.028312251,0.0068732933,0.015009791,-0.017014222,-0.05661322,0.020517673,-0.035861988,-0.027259888,0.02521192,-0.08471117,0.026815718,0.029927563,-0.041147217,-0.011568969,0.050223034,0.057977144,0.07689938,0.030768408,-0.059224255,0.02150625,0.027328731,0.06386476,-0.028701566,0.0063426085,0.06408527,-0.08870921,0.0063818516,0.056406982,0.062036913,0.06268943,-0.033161584,-0.06894081,-0.06463867,0.05952896,-0.021614669,-0.065525584,0.063831314,0.048952095,0.012667011,0.04751395,0.053131375,-0.0058822623,-0.020171786,-0.04381644,-0.07729193,-0.048067033,0.06153799,0.004552217,-0.0082647065,-0.041951675,0.035236277,-0.028836487,0.018705202,0.07744858,-0.021633675,0.035750486,0.03152165,0.07925879,0.040897768,-0.061011918,0.007444393,0.0019488168,-0.066281825,-0.006279684,-0.06672327,0.05652045,0.03052851
4,-0.08550193,0.040020667,0.021181116,0.047195815,-0.09241115,0.026887553,-0.041539736,-0.007849002,0.00034487105,-0.020813538,0.025617873,-0.070267886,0.08301831,-0.0068514263,-0.029627142,0.006211981,0.021960385,0.069704935,0.06510349,-0.053849608,0.07935969,0.059176404,-0.009128401,-0.03273447,-0.08608482,0.014897718,0.017262857,-0.029568832,0.07146099,0.07043553,0.07690752,-0.018669885,0.07362975,0.008515133,0.06801306,-0.06595246,0.032912973,0.009811111,-0.075993165,0.005216515,0.06049055,-0.08724751,0.04506272,-0.037197128,-0.061993428,0.0013723536,0.04207061,-0.08448829,0.03236741,-0.019390687,-0.003821666,-0.08745145,0.033167507,0.013476044,-0.002405626,-0.053503755,0.07105864,0.0243486,0.013676822,-0.06635316,-0.032072626,-0.08566378,0.03278242,0.008869745,-0.08992833,-0.0006990025,-0.0011144438,-0.08962733,0.07043077,-0.08360035,-0.07758041,-0.010848472,0.08016908,-0.07609281,0.03615897,0.014374322,-0.047060438,0.071646206,0.04304685,0.07613261,-0.06988303,-0.04474759,0.06401355,0.053504653,0.0782656,0.042523973,-0.04513346,0.018998668,-0.0064158947,-0.0414636,-0.0215108,0.042912528,-0.05062187,0.05387391,0.07660803,0.02101932,0.055552375,-0.037521604,0.015840216,0.06283435,-0.028560411,-0.06971303,-0.07794514,-0.08642287,0.09086349,0.07645912,-0.07358469,-0.04508928,0.017608749,0.022065524,-0.037065435,-0.08101879,-0.057719853,0.07014176,-0.05759096,0.08448725,-0.08723433,-0.03114827,0.08483964,-0.011066732,-0.014758416,0.06880016,-0.0020179946,-0.022169685,-0.058220685,0.0030672916,0.05783331,0.020115808,0.07173404
5,0.009928863,-0.05277228,0.07206129,-0.069094025,0.066678,-0.052276105,-0.07881205,-0.009854304,0.04819255,0.0744531,-0.07045236,-0.08335885,-0.061118905,-0.025107522,0.008063956,0.014939589,0.06953774,0.020930689,0.055689532,-0.08027992,-0.07605706,0.060911257,0.076776534,-0.0137968175,-0.085615166,-0.05679599,-0.01695991,-0.0011348336,0.0076866774,0.043121956,0.029104829,0.014965825,-0.05590273,0.08068696,0.0067877346,-0.054920264,-0.030457994,-0.016758148,0.061387382,0.028247537,-0.00460061,-0.06760087,-0.057172522,-0.033233013,-0.084444985,0.06506038,-0.04529835,0.015811097,-0.02536909,0.016484616,-0.01662591,0.055206973,-0.08348255,0.0054620956,0.01617841,-0.07036719,0.012465627,0.035745107,-0.015194869,0.04479473,0.04428617,0.026099367,0.027001696,0.05692371,0.07976971,-0.05240937,-0.03374976,-0.026495012,-0.02804415,-0.0383516,0.05877799,0.012985364,-0.011722189,0.0063699386,0.00845536,0.015192174,0.08739272,-0.0072678835,0.02700103,-0.00858933,-0.028457703,-0.016489742,-0.01883331,-0.033179875,0.048848644,0.060262237,-0.042409513,-0.046337873,-0.05556791,-0.09075216,-0.06795914,-0.04937842,-0.057002597,0.083821416,-0.0066532535,-0.03723688,-0.09379879,-0.032109257,-0.086590566,0.039909676,-0.07821026,0.069828816,-0.004595728,0.08598879,-0.0063728215,0.051756117,0.066589475,-0.051070914,-0.008517997,-0.01883324,0.018445391,0.048463557,0.060385026,0.04882184,-0.032234874,0.05107023,-0.025579663,0.052475102,-0.07684825,0.050453044,-0.019787187,0.052202947,-0.025467116,0.021129563,0.022833373,0.06780364,0.0693834,0.05781408,0.049985364
6,0.004971941,0.0044816136,-0.07454965,-0.086014695,-0.017800111,0.073746316,0.0657656,-0.05466092,0.08033374,-0.043007556,-0.030277617,0.062869415,0.03042301,-0.061875537,0.021032836,0.020478174,0.032184068,-0.07978211,0.04890002,0.045793604,0.05188275,-0.021233093,-0.055680837,-0.0499814,-0.022119986,-0.07319157,-0.06777346,0.0083875945,-0.009429043,-0.016930075,-0.035083402,0.042796407,0.024462715,-0.0067392397,-0.046455853,0.015676022,-0.03143687,0.03909694,-0.029210987,0.080876134,-0.0025749432,-0.039120182,-0.06941587,-0.07996177,0.053053044,-0.025016863,0.09186941,-0.018050665,0.038227983,0.049216826,-0.04691696,-0.067997105,-0.01864643,0.008008831,-0.08298903,-0.08869239,-0.050377578,0.047381606,-0.06945804,-0.06866584,0.060250796,0.00023242076,0.04141135,0.08338707,0.064044684,0.07632553,-0.029735802,0.07610096,0.05554769,0.00816178,-0.06976416,0.0046932567,-0.025712369,0.008537532,0.062184934,0.015772998,-0.017843215,0.005479921,0.026826968,0.079324,0.017321331,-0.057442352,0.0066753183,-0.055660613,0.059440214,0.0457615,-0.06362014,-0.010369031,-0.05834818,-0.05596415,-0.015752846,-0.08654799,0.026073102,0.012251973,-0.037149243,0.042945728,0.037586432,0.02470934,0.058912534,0.024893817,0.07331348,-0.06153915,0.034271535,0.07101888,-0.009156746,0.056501664,-0.051319785,0.076011755,0.07208692,-0.041146837,-0.096451916,-0.0031215441,0.027182097,0.06536277,-0.08245477,-0.020601464,-0.08339183,0.050208893,-0.039793145,0.05730051,0.06467357,0.054861315,0.02475145,0.05276382,0.07627265,-0.0018903167,0.04575268,0.040049735,0.026907166
7,-0.021987436,0.03471855,0.07433193,0.067939416,-0.09315829,0.022338588,0.0031492524,0.08519574,0.07620485,-0.04476586,0.037915107,-0.041887935,-0.08282706,-0.009675819,-0.07441115,0.057634745,0.083428726,0.0724986,0.01641273,0.07121098,0.07109307,0.100318015,-0.045564353,0.061063744,-0.009517172,-0.06822344,-0.0012293576,0.040113144,0.07018463,0.0035011682,-0.013043152,0.053089913,0.025632553,0.022499,-0.011747499,-0.03549476,0.047858816,-0.060329203,0.04838876,-0.08692998,0.079235636,0.042315383,0.023360409,0.086575806,0.040059168,-0.016388487,-0.023230415,0.06913492,0.045430586,0.10121865,0.13090943,0.0477025,-0.07397437,0.07109252,-0.05266228,-0.08032556,0.03601412,-0.06574398,-0.00036466142,0.01675705,-0.04757534,-0.037928157,0.021123966,-0.013037883,-0.04603313,-0.0029740585,-0.08444548,-0.026843034,-0.028334446,0.049656916,-0.016997837,0.07455843,0.068873115,0.08293962,0.013033461,-0.08370443,0.011326259,-0.016363714,0.013347504,0.078763604,-0.05188742,0.017988676,0.08802159,-0.022267956,-0.0009177625,0.015029198,0.07962606,-0.07463504,-0.06688377,0.062103074,-0.037370063,0.08571706,0.0023578273,-0.08281699,-0.011202801,-0.03533159,-0.07742996,0.039145,-0.078847416,0.046532687,-0.060727358,-0.083588526,0.08403997,0.028627222,-0.11395414,-0.054645002,-0.03701023,-0.008777515,-0.013004455,0.040249933,0.07458329,-0.042857196,0.001552017,0.0394195,0.010147263,-0.053450283,-7.268337e-05,0.043057267,0.05043224,-0.022400426,0.100546576,0.028495807,0.076635525,0.06650493,0.06360531,0.007292726,0.06553257,-0.04373806,-0.08350637
8,-0.08403332,0.049614947,0.010840176,-0.04320494,-0.08100879,-0.0013807651,-0.005646916,0.07381966,0.051730335,0.01911391,-0.0028276697,-0.0025414727,-0.076327786,-0.023346554,-0.046627782,-0.0613223,-0.028488861,-0.032076567,0.017272392,0.009897565,-0.010921694,-0.0003455038,-0.021060394,0.028144244,-0.063390814,0.011550872,0.07617495,-0.08221383,-0.07600187,0.021496639,0.039017767,-0.08638221,-0.07714891,0.014227238,-0.038052727,0.057596732,-0.05801987,-0.066421725,-0.011448935,-0.011995992,0.079557344,0.073636204,-0.08215837,-0.06114575,0.031833958,0.039267346,0.064265296,-0.046703607,0.01084713,-0.014908053,-0.067213535,0.05036861,-0.07930247,0.08155825,-0.08561074,-0.026128747,0.038432237,-0.027869442,0.055871654,-0.058083296,0.07691184,0.033261675,-0.06707212,0.07545385,-0.024057714,-0.07918292,-0.06514929,0.06659825,-0.07988268,-0.04166973,-0.012817083,-0.036412675,-0.05841436,-0.014231532,0.0070038065,0.027237257,0.07157831,0.024479996,-0.009770331,0.07716336,-0.08673039,-0.06839728,-0.012209242,-0.056416877,-0.025665015,0.065385655,-0.04802957,-0.082708135,-0.019287607,0.0005679925,-0.027129866,-0.010656549,-0.015663743,0.06723423,-0.07267854,0.011768967,-0.020730803,0.00023427134,-0.021600608,-0.061438885,-0.08629657,0.017065896,-0.048635665,-0.08326114,0.035651285,-0.059029564,0.07255296,0.067109264,-0.085322484,0.025467237,-0.057766538,0.05805091,0.027808176,0.023885548,-0.03764837,0.035497673,0.04106714,-0.028546447,-0.069150195,0.053568006,-0.026064232,0.060351025,-0.012206596,0.06566043,0.03631161,0.04130002,0.051946174,-0.016623758,-0.05494631
9,-0.009107241,-0.08723708,-0.022267712,-0.006158115,-0.03657851,0.013563048,0.08158956,0.07698137,-0.0868841,-0.052691482,0.0041723764,0.010702256,-0.062347192,-0.074700974,-0.06299283,0.008373178,-0.06117325,-0.04550717,0.05753516,0.05806668,0.017756479,-0.05849605,-0.03800663,-0.038314138,0.052315064,-0.04082011,0.06320861,0.03129588,-0.037789226,0.041550174,-0.0036437938,-0.01614869,-0.059050184,-0.020958265,0.028297504,-0.072938114,-0.0010753336,0.08154939,0.04811022,-0.037528373,-0.074811555,-0.016533079,-0.0745674,-0.0021954724,-0.020765148,-0.07018422,-0.04811758,-0.00065264956,0.007864518,0.05630133,-0.02111778,0.042096715,-0.04112975,-0.046892043,-0.084042415,-0.060719486,0.017906869,0.03816018,-0.004325818,-0.021158384,-0.050653927,0.047115915,0.05080426,-0.035837777,0.08040214,-0.01297626,-0.040691033,-0.01231612,-0.054873977,-0.054498628,-0.06346453,-0.037096594,-0.030974288,0.083371185,-0.07741751,-0.03770354,0.031090725,-0.061197273,0.035588156,-0.039146267,0.04832644,-0.017894845,-0.06124626,-0.069283545,0.02031256,0.043010473,0.018580798,-0.010220644,-0.060378447,-0.078018315,-0.048700735,-0.030784909,0.084380545,-0.05833224,0.05167586,-0.00066591677,-0.08273285,-0.060086314,0.07254858,0.04131488,-0.037868086,-0.041182153,0.07040528,-0.03654022,0.016742606,-0.041344628,0.047948148,-0.07081212,0.06604794,-0.007228795,-0.028872585,0.007061616,0.026484894,0.032113012,-0.05760701,0.08142482,0.020692466,0.0801901,-0.06185465,-0.018842215,-0.061133377,-0.067614175,-0.08583608,-0.042911522,-0.02296947,0.027299153,-0.032769676,-0.037965663,0.06393845
10,0.05235459,-0.05737905,0.07141159,-0.022555228,-0.026602637,0.055080462,0.009466015,0.018815506,0.0011798523,-0.054713365,-0.063817665,-0.005868613,-0.01850551,0.06730832,0.049405705,-0.039400373,-0.016518489,0.022119563,-0.03798831,0.0010370128,0.06744342,-0.004967226,0.011981777,-0.06261245,0.07448615,0.009225781,0.05390876,0.03296416,-0.02883016,-0.057187524,0.07529116,0.01560654,0.06569677,0.048733495,-0.01205914,-0.05949871,0.009110884,-0.024493424,-0.0446907,-0.07179076,0.050280474,0.013520192,-0.04572039,-0.054343652,-0.007383298,0.08430838,-0.012930628,0.044020418,0.0010718437,-0.022569897,-0.02213899,0.057617337,0.053991467,0.07619118,-0.08648271,-0.036587182,-0.065283805,0.07041705,-0.021724379,0.03296706,-0.034873206,-0.047197897,0.019498128,-0.059569128,0.026430093,0.035995748,0.035120223,-0.085596114,-0.06733974,0.0366445,0.059786085,0.055810474,0.023317106,0.010060717,0.041325796,-0.074551314,-0.06664014,0.008625471,-0.054069106,-0.0042838478,-0.0147725865,-0.049278487,0.01145378,0.042740062,0.07159265,0.057670645,0.07429467,-0.016963951,0.023890305,-0.07144729,0.07667718,-0.012079898,-0.05126119,0.041515905,-0.012963944,-0.023081673,0.0026324783,-0.018428557,-0.0038400572,0.08774475,-0.06197157,0.028493842,-0.0034646743,-0.08380732,0.009008361,0.083175,-0.06723594,-0.0060968087,-0.024060713,-0.047365442,0.07100523,0.04772756,-0.05815971,-0.0004543104,-0.05660131,-0.08359478,-0.016115597,0.0017114964,0.029449098,-0.053922366,0.03910915,-0.006781249,0.0036535854,-0.04836205,-0.044323087,-0.028042652,0.07599721,0.07716863,-0.023170978
11,0.01556906,0.012037082,-0.001020055,0.0057366304,0.0061358935,-0.06571803,0.0019355948,0.046375744,0.022071082,0.022554502,0.04359545,-0.03212995,0.021419872,-0.11386724,0.064887114,-0.07420291,-0.02194555,0.052747842,-0.026760573,0.10899004,-0.036992177,0.04917886,0.042526476,0.060449466,0.05223223,-0.037224002,-0.07601417,-0.02472974,0.026547985,-0.025279718,-0.0041798293,0.0051576537,-0.08050108,0.08192569,-0.033992782,0.073121235,0.06632794,0.013278101,-0.02660314,0.039069444,-0.05309402,0.06966428,-0.08610813,0.092888966,-0.041600235,-0.0057948693,0.110423565,0.13181032,0.1079185,-0.00994229,0.034934185,0.092854016,-0.065233015,0.055169735,-0.07450875,-0.02610006,-0.02881862,0.007941073,0.05723352,0.016278267,0.07646303,-0.03829171,0.03609295,-0.040981058,0.06938502,-0.04943418,0.017818514,0.07789986,-0.024526987,0.032303266,0.06320656,0.055728134,0.030885465,-0.04267608,-0.07977163,-0.006497225,0.03006627,0.04564188,-0.017870264,0.042141575,-0.073637865,0.015677545,-0.004147396,0.068177775,-0.034473874,-0.032373235,0.066877015,0.067009,-0.048049007,-0.0071368185,0.02551324,-0.050010156,0.016002042,0.04257869,0.040004805,0.088523544,-0.043725558,0.048767727,0.07048112,0.042299513,0.079558656,0.05984045,-0.038103834,-0.082752585,-0.023487521,0.039832477,-0.09371038,0.023470618,0.031134909,-0.025558362,0.010054822,0.048783842,-0.016964024,0.0039938483,-0.035613727,0.02067869,-0.06865416,-0.069504686,0.046631537,-0.038405783,0.03613742,0.036716923,0.084662735,-0.058825884,0.023362366,-0.048718154,-0.035762135,0.04759545,0.056443535
12,-0.022028916,-0.083132476,0.03583754,-0.073368415,0.008357838,-0.052197207,-0.018985882,-0.05696632,0.02019275,0.063877545,-0.0333189,-0.044196248,0.0013755781,0.059092175,0.004999641,0.0004661686,0.0015308579,-0.04376648,-0.070376724,-0.029922554,-0.08353558,-0.030141585,0.031423416,-0.021034809,-0.05291493,0.078998156,0.03881782,-0.026495066,-0.04993672,0.0012371786,-0.044038594,0.055555847,-0.06478262,-0.050154984,0.01620231,0.019634752,-0.048542265,-0.024565762,-0.035731465,0.015016865,0.075665474,0.032044392,-0.065861434,-0.06556395,-0.05239832,-0.056440976,-0.026859596,-0.0738603,-0.0930294,-0.03375341,-0.08550439,-0.0855217,-0.026671233,0.057878207,0.05350903,-0.07531037,-0.067725554,0.024587067,-0.014979469,-0.044813033,0.057185303,0.040010534,0.007991169,-0.01763893,0.075887635,0.047192886,-0.05425609,0.009794851,0.08854673,-0.029552735,0.046523903,0.005715935,0.09756708,0.045246057,0.06836692,-0.07499569,-0.02662156,0.028687883,-0.0201193,0.0492292,0.023417529,0.05616814,0.0064104297,-0.07002075,-0.060941532,-0.026773619,0.07346157,0.05997894,-0.06859146,-0.07107319,-0.06936529,-0.010498542,0.021773323,0.022550883,0.080923215,-0.015706487,0.02129324,0.07648513,-0.05114917,-0.048419453,-0.041368004,0.022891397,-0.08772035,-0.026088573,0.06467422,-0.04110628,-0.027441362,0.036177818,0.08336272,-0.017672716,-0.059738018,0.07489084,0.029255774,0.07704574,0.024777919,-0.0044605755,0.06057013,0.06294151,0.0464912,-0.045245558,0.061549563,-0.02144549,0.028509554,-0.0007781056,-0.04602185,0.08062002,0.0628127,0.039465856,-0.022031322
13,0.080869906,0.0072670244,-0.06210548,-0.07429816,-0.011409407,-0.08715012,-0.059133247,0.010364426,-0.058023244,-0.057775885,0.06742305,-0.082400635,0.051207703,0.024463888,-0.042100206,0.032127373,0.043139588,0.08280433,-0.085115656,0.05652565,-0.047593687,0.07452002,0.052648023,-0.046184987,-0.06262876,-0.025162518,0.039322257,-0.017485902,-0.07542925,0.041890364,-0.040772837,-0.063287795,-0.08537564,-0.0699744,-0.030083917,0.06283295,-0.07324961,0.049221035,0.07433174,0.023704123,-0.06488897,0.038748227,0.036827706,-0.08317266,0.05217405,0.014537488,0.033411644,0.010791383,-0.008856675,6.129707e-05,-0.07053699,-0.042482417,-0.024760874,-0.04576783,-0.04977902,-0.07070203,0.016898159,0.036482755,0.07835641,0.026885867,-0.04911394,-0.05386323,-0.071805835,-0.016908126,-0.069617584,0.040548004,-0.05869384,-0.062296152,-0.06558588,0.005986646,-0.075594805,-0.010811348,-0.06586469,0.026454432,0.056615636,0.082207784,-0.014583658,0.014240376,-0.04838247,-0.06517012,-0.08752336,0.07011153,-0.059755597,-0.029499544,-0.07864667,0.07669578,0.037654813,0.065738425,-0.027827421,0.05578638,-0.04118229,-0.018585889,-0.0796229,0.021260776,-0.07376798,0.056455817,0.07722812,-0.011917896,-0.021689095,-0.0733594,-0.014928091,0.024787074,-0.0548315,0.08016975,0.07750495,0.0032424233,0.023674292,-0.016560422,0.05704624,0.040656976,-0.07308437,0.04537503,0.06251623,-0.07244126,-0.08093857,-0.05528184,-0.08001101,-0.065237075,-0.0066175447,-0.0564302,-0.06719726,0.08638066,0.082588926,0.02378374,-0.044148896,0.012184782,0.0018608334,-0.039751515,-0.08629744
14,-0.029066576,-0.06930653,-0.035901684,-0.0027449229,0.01684388,0.051593117,-0.06041814,0.018539976,-0.026261333,-0.059259843,-0.037814762,0.00431434,0.06257259,0.07134446,0.078449115,-0.041033402,-0.035068728,-0.05296938,0.0034805678,-0.09805291,0.029226162,-0.0723388,-0.007275654,0.046636794,0.041193936,-9.386388e-05,-0.015265587,0.07908912,0.083194144,0.044082254,0.11041543,0.047369286,0.012216098,0.004868191,-0.016014164,0.02214479,-0.020395696,-0.048148863,0.06537497,0.03457657,0.011232262,0.033174317,-0.050203536,-0.055676937,-0.048999295,0.056952547,-0.06274828,0.000716954,-0.05917705,-0.14109033,-0.019435618,-0.09912414,0.022234533,0.018276187,0.030173225,0.024449714,0.03115505,-0.060192138,0.06892151,0.1010656,0.0010563001,-0.014766255,-0.10372395,-0.022739049,-0.06568926,-0.06561832,0.03103592,0.06506395,0.0022423267,0.05892357,-0.087097146,-0.0061871754,-0.016183851,-0.014652874,-0.12815407,-0.011251795,0.086874165,0.06573325,-0.08863343,-0.0069412133,-0.003958275,0.0717928,-0.015739553,-0.05344085,-0.06802823,0.09346891,-0.057430968,0.084058985,0.04665487,0.0071098614,0.0074141202,-0.05932082,-0.0034030613,0.070207216,-0.020271553,-0.019307535,0.033661988,-0.02783901,-0.013043483,0.010172963,0.0872752,0.05503011,-0.07986704,-0.06329237,0.113667466,0.046857134,0.026251053,0.056997046,-0.048375078,-0.058200773,0.098106384,-0.069025256,-0.043891914,0.0267272,-0.015654292,-0.060889166,-0.07716645,-0.062047567,-0.08507346,0.017819757,-0.06974933,-0.067370735,0.08787022,0.08122929,0.037301622,-0.011100144,-0.046256006,0.018846994,-0.07532032
15,-0.050426647,-0.07793665,0.054671586,-0.06761968,-0.08627352,0.060891263,-0.08742938,0.05442358,0.04235428,-0.021250404,-0.021367881,-0.06605962,-0.00017809641,-0.059962053,0.003790423,-0.059780687,-0.038126048,0.020914005,0.058606733,-0.025385331,0.018366974,-0.0696777,-0.084539525,0.06007738,0.0029129256,-0.020906717,0.061769277,0.045418683,0.018135596,0.047691092,0.0878007,-0.06421717,-0.05584685,-0.052055053,-0.06760141,-0.07011051,-0.082413614,-0.061953038,-0.041319914,-0.007861065,0.07121298,0.023732524,0.030120222,-0.0857425,0.0210093,0.026399128,0.021539738,0.074885875,-0.08684642,0.019339781,-0.08095411,0.07762778,0.030368429,0.08629578,0.058607504,-0.025328184,-0.085865155,-0.08510768,-0.038372718,-0.06941638,0.08341203,0.075247474,-0.067808986,-0.033158846,0.000721784,-0.032821026,0.024131581,-0.08506253,0.06432649,-0.06780822,0.0120231565,0.0577889,0.04078028,0.039951056,0.083296165,0.027446156,-0.047080234,-0.007998885,-0.049153097,0.059524745,-0.07317456,-0.044390492,0.06264181,-0.045231726,-0.05172558,-0.0034660627,0.049973197,0.045718007,0.011408791,-0.023008388,-0.046114203,-0.027174333,0.07993404,-0.081268325,-0.078018114,-0.015063688,0.08096257,0.044133566,-0.012474662,-0.04157015,0.0029664491,-0.019580038,0.05917469,-0.051758457,0.06751325,-0.020053366,-0.059282042,0.025404597,0.043644287,-0.04769835,-0.07614044,0.009513802,-0.061329447,-0.017005756,0.046334483,0.002766249,0.076773226,-0.038158495,-0.036105275,-0.0792611,-0.08036941,0.0812717,0.0049864985,-0.048238672,0.037792385,0.0002074992,-0.07430547,-0.07076296,-0.025234092
16,0.078852005,-0.0009749265,0.067192696,-0.06444302,-0.027300643,-0.074587405,-0.04273724,0.026776735,-0.032117654,0.036225792,0.07580339,0.012368347,0.038316052,-0.07268099,-0.026770974,0.007554738,0.0118682375,0.011907725,-0.033695888,-0.071540855,0.06098526,-0.06616141,-0.010099767,-0.048464824,0.0024149988,-0.045371275,0.054826643,-0.055743184,-0.08505621,0.060520593,0.06634683,-0.07969528,-0.08422571,0.014440935,0.078048564,-0.003122793,0.06249083,-0.023467645,0.006185876,0.07321421,0.009397429,-0.030598424,-0.04752361,-0.0018236558,0.04547612,-0.06851433,0.029912654,-0.059384592,0.08027364,0.08222747,0.07377749,-0.00900492,0.078913264,-0.015123763,0.0039537153,0.011982606,0.046166793,0.06766192,0.02620919,-0.054785255,-0.081328936,-0.06477833,0.070655294,-0.045280028,0.03438555,-0.0650819,0.0006120484,-0.08478407,0.0531515,-0.043049417,-0.032569326,-0.015018734,0.016565323,0.025788717,-0.051466566,0.05616474,-0.048850503,0.040319167,-0.044776693,-0.027051684,0.059728023,0.07546358,-0.036559694,-0.08341902,0.011648486,-0.00064141385,0.045865238,-0.026460577,0.0063402415,-0.049292088,-0.06384274,0.04660872,0.020768728,0.04200902,-0.05721389,-0.018847274,0.055739965,0.082533054,0.06820958,-0.04338054,-0.04933697,0.066919096,0.061393905,-0.07982591,0.042490277,0.063637584,0.008305455,0.08153497,-0.08561508,0.0043495633,-0.0073475866,-0.05944754,-0.051266126,-0.058355935,0.0045069302,-0.04486221,-0.004067067,-0.005908953,0.00480416,-0.05682568,0.062444136,0.070451654,-0.025767958,-0.040201362,-0.0008219128,-0.0319847,-0.026141895,-0.08419169,-0.022206701
17,-0.040640708,-0.042083964,-0.07494698,-0.08638195,-0.0040242164,-0.08101296,-0.032923117,0.04376089,0.011626064,0.066155195,0.035781223,-0.07031621,0.07358814,-0.007018447,-0.037821278,-0.04449572,-0.07115813,0.016308777,0.040876597,0.0069997627,0.073722124,0.05536695,0.06818939,0.089969754,0.06444594,-0.021753842,0.076988794,-0.0112554645,0.06879999,0.0704067,-0.01799322,0.08728598,0.052113112,-0.025089623,0.029065844,0.059824765,0.052117273,0.08753177,0.05784324,-0.025916899,-0.07553691,0.042956345,0.049514122,0.055217795,-0.022406047,-0.07617789,-0.036553323,-0.0028983958,0.10205173,-0.057967022,0.035746165,-0.041773126,0.04071117,-0.008957235,0.03815416,-0.07923047,0.017621832,-0.03750307,0.02837277,0.068898946,0.012598398,0.02662584,0.05033218,-0.07634985,0.018971108,-0.062054917,0.087321,-0.010469186,-0.06008268,-0.050610613,0.068027444,0.02407973,-0.08159666,-0.06354833,0.09572502,0.011110855,-0.07140625,0.014033,0.04133483,0.007871192,-0.026578717,-0.064316444,-0.09085822,0.031566784,0.07279614,0.031153627,0.07780988,-0.041722856,0.05370714,0.038346082,-0.045752633,-0.047306772,-0.08449383,-0.07148506,0.03563797,-0.046524663,-0.079611436,-0.060287036,-0.07158844,0.062187698,0.065155916,-0.024826119,0.017120432,-0.05694107,0.007643612,0.023576604,0.06126975,0.0373517,0.0010562965,-0.0630535,-0.012860628,-0.08177787,-0.03598465,0.0015980684,0.01434237,0.025479129,0.033676285,0.055697646,-0.0219418,-0.04139501,0.047815777,0.04372315,-0.03423615,-0.035724193,0.05170955,0.07309033,-0.03319973,0.048865557,-0.06909449
18,0.008716514,-0.059071373,0.08765287,-0.063861,0.084176905,-0.02853663,-0.040349927,-0.03420897,-0.08101756,-0.038454823,-0.021516377,-0.032536104,0.046096805,0.07551736,0.052057408,-0.0735363,0.00050790404,-0.010139383,-0.0023971125,0.0437009,-0.0006427906,0.03608518,0.07651168,0.014140896,-0.044793848,-0.027542744,0.062970355,0.048974372,-0.047266338,0.021700742,-0.071383126,-0.02426746,0.009063212,0.064658776,0.0024756049,-0.05611586,-0.0047992305,0.015386738,0.036868855,0.03771091,-0.00616209,-0.01590455,-0.05725962,-0.045096714,0.026689587,0.056290098,-0.0692102,0.02258397,0.014469846,-0.067916885,-0.00643722,0.050655406,0.036223616,0.07348701,-0.07255559,0.070554025,0.015435339,-0.046205025,-0.01673782,-0.09031514,-0.020933071,-0.0025408794,-0.070573755,0.03497802,-0.02472994,0.010118973,0.07122134,0.04261255,-0.04672206,0.06447303,0.056441404,0.057289824,-0.028124304,0.024957884,-0.037312962,-0.01485811,0.03488749,0.08594319,0.07669307,0.08356073,-0.024053952,-0.059869844,0.023139894,-0.07898516,-0.029482588,-0.03771622,-0.082282685,-0.018027155,0.08485857,0.032336164,-0.03919853,0.035998017,0.023913236,0.03022981,-0.088320486,0.030393688,0.0637925,-0.0594709,0.007301602,0.062193587,-0.062303133,-0.081728026,0.040564943,0.05960206,0.01570035,0.054211516,0.031005058,0.07654468,0.033952095,0.06648171,0.0026106955,0.051204834,-0.058738757,0.048964437,-0.00022823775,-0.06316047,0.019649036,0.038915187,-0.03428908,-0.004820319,0.025652219,0.015773159,0.04318524,0.028748417,0.01251565,-0.009562406,-0.011224789,0.059239317,-0.030664979
19,-0.041667625,0.06427516,0.054521624,0.021759477,0.0692137,-1.7635177e-05,-0.00856578,0.06911504,-0.05017688,0.07024305,-0.048123915,-0.044972498,-0.03513816,-0.09284402,0.042947255,-0.06690228,-0.056685705,0.03681514,0.028268008,0.12312793,0.13284828,-0.0012211006,0.05608034,0.09230231,-0.075033054,-0.046615858,0.06304618,0.060584217,0.04703431,0.09113259,-0.03362518,-0.06220779,0.059451748,0.029812684,0.025539976,-0.042810056,-0.027183458,-0.032002203,-0.06808117,-0.07880757,-0.038985364,-0.038429506,0.022795068,0.09159682,-0.06992509,0.050812565,0.011250249,0.17346036,0.16521393,0.06032057,0.06244696,0.053273886,0.048015278,-0.07281293,-0.062368747,0.029773438,-0.060785018,-0.018086813,-0.023930008,0.08983792,-0.06229999,-0.025971098,0.118419655,-0.042123742,0.0657243,0.069760576,0.08098765,0.08509906,0.009661533,0.027589153,-0.042941578,0.010124473,0.06078179,0.03052977,0.09443019,-0.01221348,-0.0017853057,0.061320134,0.017120183,0.02281303,0.06261055,-0.10051477,0.0014256729,-0.0077910004,0.062206473,-0.07831472,-0.015444958,0.049056474,-0.054082092,0.0486865,0.026118163,0.009194754,0.010573504,0.018843297,-0.07613978,0.020166555,0.0025052035,0.027434157,0.06168495,-0.02989355,-0.039629605,-0.024788197,-0.027744235,0.085322596,-0.07824197,0.059716683,0.014553699,0.1076841,0.029427495,-0.028414357,-0.003172477,0.05257739,0.07045273,-0.07154902,0.00811535,-0.040348865,0.06282073,0.07424452,-0.06739625,-0.004277109,0.07832672,-0.04647105,-0.072845474,0.007479449,-0.064991124,0.082447916,0.007626147,0.06818613,-0.03134305
20,-0.0060211946,0.048030216,-0.0211048,0.066296116,-0.03506594,-0.051021338,-0.03530134,0.009633299,0.0030718998,0.005795765,0.036943525,0.054145787,-0.016910594,0.029587314,0.011055175,0.061364833,0.06807308,-0.011109974,0.02538381,0.037430022,0.071731925,0.090094,0.022417383,-0.008072081,0.005620429,0.020730125,0.052843396,-0.010391244,0.080418974,-0.012287665,-0.07648416,-0.019403363,0.02384056,-0.06218167,0.078497194,-0.0176296,-0.05009194,0.04483674,-0.07047236,-0.050809033,-0.020101553,0.04603749,-0.04522886,-0.050433308,-0.06189991,0.06689183,-0.034642853,0.0999208,0.109898485,0.07021352,0.0027627433,0.08329629,-0.009570857,-0.028320096,-0.08441381,-0.03350109,0.087492354,-0.004349141,-0.06394819,-0.023897398,-0.08395065,0.06315813,0.04870744,-0.005180631,-0.034287542,-0.062799044,0.07731784,0.065605484,0.024567232,-0.044437084,0.068512656,-0.058386046,-0.05199647,-0.06086284,-0.08499175,0.0448241,0.05897448,0.04309452,-0.08307807,-0.021478038,-0.07484251,0.069932334,-0.014432549,0.09540073,-0.085289255,0.035378072,-0.08292523,-0.01976806,-0.042061627,-0.039300706,0.04490915,-0.020579029,0.087648235,0.03169456,-0.046018224,0.018120639,-0.013351959,0.08789415,-0.0697045,-0.019051941,0.03513826,-0.012907401,-0.013276676,0.055471312,0.0115033155,0.005999878,0.04951527,-0.041467242,-0.03403222,0.07414746,0.01097667,0.08630681,0.050609935,0.0841626,0.042949326,-0.03922274,-0.06874067,0.07217669,0.049261138,-0.049469516,-0.039818283,-0.024084356,0.04970375,-0.026661823,-0.028654007,0.002885381,-0.037597522,-0.016348047,0.021744397
21,0.008887197,-0.029976554,-0.04906515,0.011420466,-0.057184413,-0.02410886,0.015584143,-0.012911369,-0.03549377,0.06095704,-0.061436437,-0.08564758,0.056533456,-0.0018263347,-0.0017413987,-0.0063591935,0.022531219,0.06663062,0.01730019,-0.027699893,-0.0049985163,0.02769143,0.020742988,0.082083516,0.008599791,0.058725335,-0.042366676,-0.03353743,-0.06993149,0.04638438,-0.056649946,0.009383858,0.045072358,-0.020579075,-0.07162552,-0.03676041,-0.012110487,-0.070990466,-0.051376168,-0.0025890418,-0.03341364,0.0602921,0.072431214,0.0028080551,0.08892549,-0.04221735,0.026796514,0.028292041,0.10342933,0.119543165,0.14565946,0.08592836,-0.070260435,0.00067295786,-0.037556484,0.01719931,0.07091169,-0.06364004,-0.04597398,-0.008242764,0.014382695,-0.056447245,0.09726586,0.04651847,-0.06271248,0.07296587,0.058704082,-0.013952284,0.0738678,0.014953735,0.0460747,-0.06612276,0.016357468,0.050546885,-0.049053755,0.08561689,0.009222082,0.021339564,0.04791153,-0.047926776,0.06062558,0.009724275,-0.030951161,0.03911939,0.042120866,0.035327416,0.019841142,0.06317325,0.09551044,-0.053180303,-0.007985586,-0.023530161,0.0017429838,-0.056173537,-0.0679536,0.013847903,0.032115653,-0.06815536,0.028891046,-0.023700045,0.032112826,0.08451913,-0.052686397,-0.05614232,0.0070418674,0.055065505,0.05205747,-0.06102389,0.031154588,0.0305241,-0.029650822,0.07903964,0.05112823,-0.026601555,-0.024662863,-0.061875142,-0.017801903,0.07262823,-0.08533752,-0.08547526,0.09335048,-0.079795286,-0.056330394,-0.028968293,-0.007742785,-0.06598245,0.019629525,-0.027453527,0.0777966
22,0.05558847,0.04782309,0.06884154,0.032793015,-0.08212293,0.025155528,0.040829204,-0.024431285,0.00015088578,0.036287718,0.040703375,0.06588298,-0.076972805,-0.033171903,0.03308281,-0.0031309258,-0.07546771,0.043310538,-0.03274867,-0.004602786,-0.05329627,-0.041791078,-0.029375857,-0.012510485,-0.042113945,0.018332582,-0.031368345,-0.048068047,0.04099254,-0.0078255655,-0.016218998,-0.029981988,-0.0640986,-0.04948782,-0.07866561,0.08126876,-0.063395694,-0.054454714,-0.07212029,-0.028905459,-0.04210318,-0.07330585,-0.042314567,-0.0067701912,0.011273264,0.011319709,0.0112646585,0.047941595,-0.059611678,0.015747935,0.023659473,-0.03894982,-0.07568229,0.018209033,-0.07040575,-0.07949371,-0.0718115,0.08232287,-0.05629779,-0.032941915,0.000112937174,0.0039593778,-0.026266756,-0.05268112,0.0804181,-0.039501563,0.087479986,0.049729563,0.069016784,0.00060385244,-0.061481092,-0.011442754,0.03935391,0.00075083086,-0.07223947,-0.08152096,0.038664024,-0.009416794,0.029674519,-0.0066202246,-0.062295176,0.0019180776,0.044649355,0.036480676,0.025837932,0.07451751,-0.06322322,-0.0417562,-0.035290197,-0.057536922,0.023929587,-0.013880285,0.023062132,0.0038300676,-0.0066288565,-0.019938419,-0.07223079,0.06366277,-0.041629817,0.014060479,0.02507867,0.07487431,0.0809192,0.023295663,0.07506181,-0.06378395,0.044277254,0.067983046,-0.08783642,0.0025942058,-0.03540867,0.08145846,0.0073365206,0.038526863,0.009706846,0.06998013,0.069333844,-0.0022404215,-0.033399563,0.03694942,0.023982534,0.050186846,0.030597975,-0.0331778,-0.079601526,0.06493479,0.06991428,-0.045057736,-0.04868839
23,-0.042935014,0.077538036,0.08640991,-0.01783977,-0.033992488,-0.028154746,-0.026435258,0.068566486,0.044287913,-0.0013868586,0.010893772,0.033418644,0.08847512,-0.027951004,0.07804058,-0.061241485,0.072528414,-0.017925266,-0.04323061,-0.025514906,-0.0043502897,-0.06899091,-0.009451182,0.046562865,0.015394115,0.032442328,0.043667525,0.013684631,0.017705267,-0.060783558,0.036714308,0.075299166,0.07151832,0.013777829,0.08758855,-0.07572042,0.08704755,-0.05659964,0.055018958,0.024117114,0.025344139,-0.015356603,-0.04105346,-0.06522437,0.013484543,-0.07544242,0.041125283,0.031325106,0.029529374,0.043235444,-0.06325827,0.05326993,0.007698527,-0.06616525,-0.017975653,-0.070538394,-0.052234624,-0.084684536,0.051390685,0.059604004,-0.05726274,-0.08128374,0.04510717,-0.021353686,0.065649554,0.009679689,0.07292069,-0.071467556,-0.06331072,-0.018952306,-0.07012552,0.012260272,-0.091496,0.0622702,-0.08612942,0.023222601,-0.0676259,-0.07185081,-0.034349587,-0.04258437,0.05688457,-0.016076861,-0.05871282,-0.07933475,-0.002763312,0.03780306,0.008815986,0.0017405021,-0.03260976,0.023300149,-1.5635663e-06,-0.03919912,-0.083888315,0.015583958,0.05267803,-0.038636398,-0.022126716,0.07704016,-0.07559916,-0.087223575,-0.010214062,-0.015396226,0.030760111,0.0040321476,0.047582056,-0.04430656,0.076721415,0.042271335,-0.027373038,-0.08078877,-0.034783423,0.026581844,0.07914012,-0.07061241,0.040053204,-0.0210451,-0.07455872,0.027311439,-0.053059403,0.07779891,0.027929818,0.04924843,-0.068468705,0.012377016,-0.07671667,-0.03995686,-0.070901595,-0.044950407,-0.0004842864
24,0.07413231,-0.035663363,-0.041875023,-0.06337842,-0.0792339,0.019165723,0.05909415,-0.08623915,-0.01886547,0.019436317,0.035257827,-0.044063028,-0.042698644,-0.05899572,0.03576242,-0.0705169,0.027500385,0.078835875,-0.066939525,0.028595524,0.016906627,-0.019548971,-0.07929941,-0.033649433,-0.06472944,-0.07448666,-0.0148510495,0.06393573,-0.025420357,-0.027179008,0.0787815,0.07451342,-0.016483381,0.049074005,-0.069523156,0.02801336,-0.034883227,0.0171969,-0.045223556,-0.085913725,-0.02293123,-0.023846837,-0.017027713,0.032709487,-0.05864503,0.007323561,0.04858929,0.01658565,0.05218032,-0.026819276,-0.059009373,0.064857006,-0.018757705,0.028176757,0.058054086,0.06241908,0.06915916,0.041966297,-0.05361365,-0.009460841,-0.022452865,-0.033258107,-0.0585151,-0.0011331404,-0.07886794,-0.07755792,0.022495957,0.081192575,-0.001831259,0.030094923,0.06217041,0.06894159,0.045647524,0.07826314,0.038685426,0.07447346,-0.030755466,-0.0097255595,-0.064461514,-0.08304538,0.080790825,-0.021015443,0.06551687,0.041237574,-0.055328928,-0.01932296,-0.05589732,-0.013563324,-0.084235735,0.08148817,0.0350376,0.003898596,-0.078316264,-0.029336063,0.068975486,-0.02229057,-0.038502246,0.057673436,0.06991117,-0.06361951,0.030652666,-0.061099935,-0.06819467,-0.080315046,-0.06820793,0.07416574,-0.0094206855,0.028947532,0.011337849,0.049010765,-0.06756011,-0.046296787,-0.07845266,0.08216668,0.01390383,0.037986465,-0.061353534,-0.042578366,-0.036613148,-0.06274833,-0.041157745,-0.02725585,0.08130148,0.05801608,0.014790236,0.07877938,-0.06412627,0.019019857,0.01849802
25,0.028803488,0.035908263,0.01983228,0.037893962,-0.0254348,0.058157217,-0.0015013779,0.07046004,-0.012793164,0.005591135,0.024470588,0.0002749051,-0.005876787,0.04055989,-0.040233124,0.048069745,-0.0547705,0.015257352,-0.0070142318,-0.04188558,-0.062456332,0.0929013,0.07758842,-0.046784993,0.01903567,-0.02697234,-0.08187944,-0.014326107,0.02788305,0.06015615,0.06102703,0.029971303,-0.051694863,-0.013613134,-0.08457742,0.0632528,0.0015466871,-0.061955996,-0.050910804,-0.04118636,-0.027478332,-0.03179926,-0.029495196,0.011932887,0.029125173,0.059145167,0.08050021,0.00037629655,0.06124247,0.11359345,0.14736252,0.14274317,0.038633928,-0.08562125,0.052650444,-0.056875158,-0.024982132,-0.064787544,0.03476071,-0.04062209,-0.053891737,-0.046532087,-0.014021602,-0.078184806,-0.07003128,0.037046034,-0.01993029,0.041068077,-0.07196749,0.008098267,0.09134711,0.055079885,0.04564646,-0.006699395,0.06691971,-0.062217645,0.027907463,0.0036338812,0.02686577,-0.021436574,0.0036497607,0.016822387,-0.11407068,0.07275447,0.05197161,0.041736715,-0.010413408,-0.066737935,0.030472377,0.027414666,0.02651588,-0.023462677,0.047553625,0.08539076,-0.08057644,0.058835305,0.05112631,0.031320587,-0.085961826,0.077284455,-0.006693279,-0.026149156,-0.05744812,0.015143949,0.034661055,-0.020890385,-0.031899594,0.07057466,-0.050497923,0.0015914091,-0.08176068,-0.05838659,-0.08429205,-0.059369314,0.06490036,-0.0068389317,-0.019759882,0.005254005,-0.05313596,-0.017024385,-0.023514524,0.055154808,0.030082872,0.02871693,0.01929294,-0.07389476,-0.033773344,-0.05244408,0.08153415
26,-0.0013010375,-0.03403034,-0.07933358,0.037121918,0.018554745,0.0019447663,-0.06968205,0.05331173,0.0048230803,0.022160238,0.063466266,0.093743674,-0.049499154,-0.0359911,-0.04988915,0.022140328,-0.065810084,0.0652207,-0.086071745,-0.09385367,-0.10707255,-0.10804746,0.025559722,-0.06482104,0.06174957,-0.02553048,-0.06219345,0.080724545,0.017110718,-0.03378692,0.12723808,0.05838191,0.06501759,0.06533189,-0.05644651,0.045852203,0.05248422,-0.04530999,-0.064463496,0.06964822,0.08099713,-0.07204439,-0.008289535,0.045877226,-0.016292764,-0.05175339,-0.103126094,-0.15671971,-0.09571712,-0.10863972,-0.1486589,-0.19048697,0.043948554,0.0377384,0.06624043,-0.008783899,0.04912912,0.098487794,-0.017477192,0.053759944,0.08503803,-0.09411539,0.0052953414,-0.0064050346,-0.03223494,0.0010610058,-0.034361716,-0.026786946,0.008384926,-0.016898418,-0.103013076,-0.008043556,0.04215795,0.04155972,0.018554138,0.038738005,0.07871328,0.062209893,0.059251413,-0.069937654,0.03696376,0.05193555,0.003055767,-0.05942058,0.009652419,0.10747428,0.0703515,-0.052379794,-0.08286414,-0.06661091,0.028500658,-0.024103923,0.016148502,-0.038291674,-0.0046988004,0.08665957,-0.0074424986,0.01626935,-0.029443623,-0.060891468,-0.048482765,-0.039661143,0.04373495,-0.06915268,0.17927264,-0.030889684,-0.026266817,0.0027743736,0.084221974,-0.060900696,0.046812966,-0.016623918,-0.081884034,-0.0251687,-0.023615146,-0.04634563,0.03732985,-0.04205688,-0.073366635,0.020811697,0.002646483,0.0017658147,-0.02750412,0.020816358,0.07772263,0.015878055,0.04382298,0.0688754,-0.06363284
27,0.057924233,-0.059535254,0.01053801,-0.08335027,0.07999238,0.06593911,0.04347683,-0.03000861,0.011094178,0.046434905,-0.061153326,0.053836524,0.0838029,0.00686074,-0.015697006,-0.08707722,-0.025591636,0.07235879,-0.07119488,0.023819152,0.009967912,-0.08450128,-0.046097778,-0.038102392,0.012966967,0.077325135,-0.081850715,-0.008402734,0.030754821,-0.02868188,0.057542656,-0.08298084,0.038290203,0.084575236,0.06419374,-0.071737014,0.03928745,0.05087552,0.026877312,0.086977445,-0.022739187,-0.006875909,0.06859748,-0.018475626,-0.049974225,-0.08512732,-0.034275196,-0.039702814,-0.04770755,0.06868235,-0.052350774,-0.078314394,-0.04582214,0.08105785,-0.07601249,0.029921046,-0.044207167,0.04025858,-0.060655035,0.0227616,-0.0150742065,-0.04568625,0.016799973,-0.029921968,0.07858776,-0.055768702,0.07453276,0.012679248,0.010889591,-0.074081175,-0.028257817,0.05340021,-0.047234453,0.033313792,-0.07639015,0.0045241015,0.05147887,0.03751755,0.0006225381,0.008727106,0.015797803,0.08517196,-0.020729886,-0.07410161,-0.01463583,0.07413232,-0.07187416,-0.063710436,0.05564377,-0.010867376,-0.007811031,-0.04505872,0.07493104,-0.04687767,-0.04955787,0.00790134,0.052817795,0.07911235,-0.06520561,0.041598774,-0.082676314,-0.08392062,0.019159809,0.07614248,0.030107787,0.022041531,-0.086251445,-0.063788235,-0.07960529,-0.086983114,0.011260362,-0.0019016128,0.031493325,-0.017294694,0.07884196,-0.072591975,-0.0005121317,0.08758609,0.016479021,-0.034986738,-0.07007918,-0.079494394,-0.056468572,-0.023015888,-0.06061177,0.00035112604,0.06694018,-0.03959586,0.04903279
28,0.06419883,-0.021031585,0.069760166,-0.06970181,0.09191765,-0.03621814,0.05153162,-0.0019588869,0.004593317,-0.0031829774,0.04905578,0.041740358,-0.020243395,0.015952945,-0.07389122,0.02228774,0.02150993,0.078078225,0.059783902,0.017825132,-0.048979048,0.07996791,-0.07881003,0.05785094,-0.033299718,0.003512501,0.046124216,-0.06679135,-0.041821934,0.02616695,0.012537181,0.06668197,0.07260263,-0.033276062,0.028726207,-0.042113364,-0.03738015,0.023724543,-0.063743636,-0.0547276,0.079173945,-0.08387723,-0.024232658,-0.006088088,-0.011501268,0.04908135,0.050288405,-0.05960817,-0.06151036,-0.082739554,-0.082943335,0.050953805,0.06951825,0.022735046,-0.055895433,0.02374192,-0.014507593,0.003340714,0.074256845,-0.080496766,-0.059725985,0.017879412,0.011078769,0.005823975,0.036995552,-0.01685521,0.022164743,0.010939046,0.07022742,0.06357604,0.04341931,-0.029858105,-0.051202506,0.065623626,-0.038241886,-0.06580263,0.057893265,0.022713989,0.046008695,0.030427147,0.08803367,0.056057066,-0.013218232,-0.025890911,-0.06870191,-0.019175632,0.00042981684,-0.071051314,0.0017268594,-0.026851445,0.059325047,0.03612628,0.07256018,-0.0693649,0.05934514,0.040300906,0.053293496,-0.07410906,-0.06514479,-0.011507325,-0.02556451,0.07324115,-0.08120636,0.015572922,0.067196526,0.044956,-0.00026130423,-0.049377955,-0.08367032,0.033090334,0.0039179306,0.038662594,-0.01787675,-0.031175243,-0.08747231,-0.07771928,0.00051763153,-0.056345835,0.06724719,-0.017723732,0.031619295,0.017472863,0.007645125,-0.038106173,0.07929814,-0.050227962,0.07554958,-0.041236624,0.043670103
29,0.053199183,-0.05290344,-0.04308208,0.06918969,-0.053764768,-0.023151346,0.025437973,-0.024264038,-0.049732503,0.083443396,-0.013866302,-0.009257802,-0.030447114,0.05347245,0.048323855,-0.080634646,0.008628695,-0.07016616,-0.043272138,0.07634965,-0.030577518,-0.035802737,0.044990655,-0.07212717,-0.06931968,-0.010657974,0.06592241,0.07889758,0.05747914,0.019464659,-0.0350027,-0.048361935,0.02125971,-0.042336084,0.021399232,-0.056650802,0.003441579,-0.07503249,0.042905495,0.030513858,-0.009073214,0.0741547,-0.052877363,-8.000805e-06,0.0360587,-0.018201388,-0.08578614,-0.021062817,-0.0015573069,-0.05118724,0.0749223,-0.047859553,0.02523244,0.06229588,0.02720846,-0.058133475,0.026809154,0.022015922,0.06619969,-0.037850767,0.030222084,-0.04553017,-0.02770575,-0.06143505,0.010887781,0.06258412,-0.050825436,-0.07017139,-0.05225731,-0.083810896,0.0404084,-0.08124971,-0.03531912,-0.062111992,0.0054868464,-0.06951324,0.08729219,-0.031187229,0.038410515,0.08161466,-0.019419009,-0.049856458,-0.046763778,0.031997748,-0.027501574,0.034027405,-0.066139184,-0.054444995,0.051548116,-0.0022655332,0.064159684,0.030412747,0.011926642,-0.065002136,-0.054221887,0.06075719,-0.01853045,0.046676304,-0.04054342,-0.0057375985,-0.010785772,-0.041242745,0.058410708,0.008679097,0.0768544,-0.047257874,0.045159005,-0.0016734299,0.0067574643,-0.043389235,-0.074769735,0.0363351,0.06288408,0.086689025,0.008863611,0.020080898,0.057098895,-0.06368281,0.043281667,-0.033775095,-0.04650039,0.011853848,-0.010978788,-0.08422541,-0.07275477,0.05690768,0.08615194,0.0018173301,-0.023029791
30,0.055828664,0.078467004,0.030688187,-0.037936144,-0.064127065,0.05398613,0.03776337,0.0759164,0.08220634,0.0302966,0.041851446,-0.08711706,0.005500443,0.037798107,0.049870368,-0.0799242,-0.033502486,0.081567675,0.019333437,0.071428664,0.0647347,0.031497225,-0.062052988,0.05038259,-0.00059717905,0.000113438524,-0.04684374,0.019978357,0.023284812,0.039903965,0.06698585,-0.07339169,0.0026506716,0.00055614155,-0.016403401,-0.0021473158,0.015823692,-0.00439928,-0.005028786,0.02011923,0.036696628,-0.008770267,0.0048618736,-0.017563686,-0.04564022,-0.043866243,0.0034153466,-0.085174724,-0.08204606,0.08476762,-0.065884255,-0.05619552,-0.05615068,-0.023350354,-0.086162336,0.0030656785,-0.0802002,0.06150639,0.060412403,-0.02608275,-0.07437703,0.08052095,-0.078886494,0.04274463,0.029626837,-0.02742837,0.008989659,-0.00063794566,-0.05364687,0.05968555,-0.05505717,0.010904646,-0.04202162,-0.08558402,0.0044330475,0.013709265,-0.010852118,0.03285267,0.011831917,-0.045650486,0.06791339,-0.043185566,-0.08834292,0.056264643,-0.050726455,-0.051681843,0.062358648,-0.02650863,-0.025405426,-0.0019219605,-0.07819446,0.06296355,-0.0523011,-0.050148975,0.00424771,-0.0132034095,0.040744584,0.014725482,-0.04799405,-0.0027820254,0.04764549,0.008012877,0.03460513,-0.051304318,-0.071804374,-0.034307797,-0.01231016,-0.017583381,0.06429817,-0.07429537,0.066279195,-0.003969835,-0.05051256,0.039035637,0.073956825,-0.0806719,-0.044517875,0.06595752,0.08433153,0.07514136,0.08401994,-0.08023352,-0.043424588,0.033233628,0.014939848,0.0064151934,0.008722969,-0.05218619,0.042621683
31,-0.03209187,-0.04344577,-0.01448766,0.014345366,0.016067242,-0.034195274,0.052759096,-0.024461051,0.05523594,0.04937373,-0.03761008,0.02487127,0.059767738,-0.05158322,0.078553826,0.06003216,0.055851545,-0.072900146,0.08570164,-0.043279234,-0.053048734,0.06964666,0.0020134286,-0.03789117,0.0009862853,0.052153144,0.04592144,0.016892822,-0.059318047,-0.029714873,0.07776109,0.057928525,0.028714977,0.07000876,0.048281338,-0.06534267,-0.07192765,-0.06720928,0.03874022,0.03336727,-0.0053441953,0.046365645,0.06715907,0.056754924,-0.05239298,0.057346188,-0.017680528,-0.019385353,0.03830058,0.06642421,0.005316886,0.0614988,-0.015465795,-0.023342384,-0.06765054,-0.028494334,0.0022856214,0.06878861,-0.04294983,-0.021923218,0.06035765,0.040306687,-0.06742034,0.023771234,0.081783436,-0.0059210784,0.06388351,-0.06489176,0.057083413,-0.07747695,0.04969287,-0.047846686,-0.010871838,-0.052736185,-0.020845082,-0.007818756,-0.017346947,0.032557897,-0.006753973,-0.04309276,0.05416472,-0.034955665,0.04305126,-0.01620531,0.09404564,0.044749014,0.044419494,0.06742309,-0.060581535,0.026776174,-0.0123197315,0.009079617,-0.02209735,-0.019633574,0.040305868,0.054966494,0.026913045,-0.011213422,-0.052805386,0.08384311,-0.045390498,-0.0042570094,0.025729919,-0.024989968,0.0659211,-0.020554667,0.0055840057,-0.038492624,-0.043546382,0.022014504,0.04888094,0.02941887,-0.010315186,-0.06645444,0.06367644,0.07080929,-0.04023458,-0.077047564,-0.034547772,0.03942267,-0.01819526,0.0983416,0.0360099,-0.075750165,-0.065827444,-0.016163265,-0.00030858643,-0.02387746,-0.0053182733
